trial_id,condition,timestamp,tracking,x_raw,y_raw,x_norm,y_norm,angle_raw,angle_rel,palm_size,path_error,angle_error,speed,nearest_reference_index,reference_progress
B_path_wrong_20260903_154129_642037,B - PATH WRONG,0.02738149999640882,1,0.1406819373369217,0.47677090764045715,0.018653191698808795,-0.04672173200198328,-100.47982120605629,3.8417614809003453,0.09757723833422245,0.0898115427728322,8.9528614329339,0.0,2,0.02564102564102564
B_path_wrong_20260903_154129_642037,B - PATH WRONG,0.07573430000047665,1,0.14148281514644623,0.4773139953613281,0.02263491587923399,-0.0440216627972094,-100.82175481925191,3.499827867704738,0.09784511326070186,0.08508082972830859,8.610927819738265,0.0994516314881027,2,0.02564102564102564
B_path_wrong_20260903_154129_642037,B - PATH WRONG,0.10728409999865107,1,0.1417742520570755,0.4769110083580017,0.02492811519231555,-0.04445732671012715,-101.0953693157957,3.226213371160952,0.09816997779135773,0.0837863705589657,8.337313323194508,0.08671381375433246,2,0.02564102564102564
B_path_wrong_20260903_154129_642037,B - PATH WRONG,0.13931899999442976,1,0.14130990207195282,0.4763500690460205,0.024920410445641115,-0.046069569646453874,-101.12148675067374,3.2000959362829065,0.0978542573929283,0.08496307801972498,8.311195888316433,0.07458488283187352,2,0.02564102564102564
B_path_wrong_20260903_154129_642037,B - PATH WRONG,0.1715585999918403,1,0.14225038886070251,0.4775891900062561,0.026786114852855827,-0.04457270035263683,-100.93436684487621,3.3872158420804226,0.09696095474845916,0.08259647740458063,8.498315794113978,0.07449093650539064,2,0.02564102564102564
B_path_wrong_20260903_154129_642037,B - PATH WRONG,0.20303119999880437,1,0.14207656681537628,0.4763859510421753,0.02955958658652401,-0.045338255835665295,-100.82718442705863,3.49439825989802,0.09725367555416158,0.08131440529653818,8.605498211931547,0.07787466556300027,2,0.02564102564102564
B_path_wrong_20260903_154129_642037,B - PATH WRONG,0.23502239999652375,1,0.1419619619846344,0.47748297452926636,0.030512456314664312,-0.045002210346095674,-100.86711004900228,3.4544726379543818,0.09712242553196156,0.08043729509343117,8.565572589987909,0.06430199920737771,2,0.02564102564102564
B_path_wrong_20260903_154129_642037,B - PATH WRONG,0.2675650999881327,1,0.14242364466190338,0.47600826621055603,0.03180389039186396,-0.04679747558852108,-100.9882870658453,3.333295621111347,0.0971640504566274,0.08098722674144951,8.444395573144902,0.06309481526698897,2,0.02564102564102564
B_path_wrong_20260903_154129_642037,B - PATH WRONG,0.299893899995368,1,0.14233680069446564,0.47542881965637207,0.033846063131564304,-0.048629545813137776,-101.00299192076497,3.318590766191676,0.09653223240451722,0.08116671237855404,8.429690718225231,0.07000800716099606,2,0.02564102564102564
B_path_wrong_20260903_154129_642037,B - PATH WRONG,0.33172009998816065,1,0.1425575166940689,0.4761400818824768,0.03445684210735955,-0.05151135813850538,-101.06002725172071,3.261555435235948,0.09640430341779281,0.08312360987607656,8.372655387269475,0.07367244730001798,2,0.02564102564102564
B_path_wrong_20260903_154129_642037,B - PATH WRONG,0.36370249999163207,1,0.1428484171628952,0.47635912895202637,0.03599180544675369,-0.05156469869240533,-100.59904375865602,3.7225389283006223,0.09616092864050527,0.08228243994358461,8.83363888033415,0.06499578582946296,2,0.02564102564102564
B_path_wrong_20260903_154129_642037,B - PATH WRONG,0.39552479999838397,1,0.14321742951869965,0.47628241777420044,0.038488528606604525,-0.053952221884966275,-100.80458383781536,3.516998849141288,0.09535320166540474,0.08289118258915122,8.628098801174815,0.08038660833444612,2,0.02564102564102564
B_path_wrong_20260903_154129_642037,B - PATH WRONG,0.4434368999936851,1,0.14237190783023834,0.4768851101398468,0.038385640604859696,-0.05220845991069504,-100.78123946619745,3.540343220759212,0.09522940453386966,0.08148026734933451,8.651443172792739,0.07409053117819661,2,0.02564102564102564
B_path_wrong_20260903_154129_642037,B - PATH WRONG,0.47515449998900294,1,0.14359095692634583,0.475342720746994,0.0408797560042977,-0.05237968308871407,-100.45361972214221,3.8679629648144385,0.09570216240050115,0.08029094050781822,8.979062916847965,0.07287496992714546,2,0.02564102564102564
B_path_wrong_20260903_154129_642037,B - PATH WRONG,0.5086795999959577,1,0.14615586400032043,0.4740135669708252,0.048035717280026057,-0.0566086407364657,-99.88110876128951,4.440473925667135,0.09566805101997783,0.08057984610762157,9.551573877700662,0.10395545490865618,2,0.02564102564102564
B_path_wrong_20260903_154129_642037,B - PATH WRONG,0.5396884999936447,1,0.1468377411365509,0.47435909509658813,0.05596920602976943,-0.060586068038937846,-99.57726306736265,4.744319619593995,0.09642909606873121,0.08060206179195778,9.6088443041441,0.1515920642348439,7,0.08974358974358974
B_path_wrong_20260903_154129_642037,B - PATH WRONG,0.5714791999926092,1,0.14703786373138428,0.4750745892524719,0.0635668270917894,-0.06298805244833412,-99.04537126757307,5.276211419383571,0.09667269748015386,0.07789535729328033,10.140736103933648,0.1800283094362228,7,0.08974358974358974
B_path_wrong_20260903_154129_642037,B - PATH WRONG,0.6031155999953626,1,0.14841315150260925,0.4748792052268982,0.07558092748216003,-0.06697715540538225,-99.54990319295456,4.771679494002086,0.09599004379795881,0.07429237313984424,9.852687034150193,0.252798162318122,8,0.10256410256410256
B_path_wrong_20260903_154129_642037,B - PATH WRONG,0.63557069998933,1,0.14775685966014862,0.47584396600723267,0.08386557487841133,-0.06598033898755638,-99.4085638613359,4.913018825620725,0.09697852419589255,0.06822748049347399,9.933961599112337,0.2884222852772792,9,0.11538461538461539
B_path_wrong_20260903_154129_642037,B - PATH WRONG,0.6684577999985777,1,0.1486467570066452,0.4745721220970154,0.0888191639508933,-0.06486955158623109,-99.10454627864114,5.217036408315494,0.09665521107418128,0.0641690809470158,10.237979181807106,0.2697077944361038,9,0.11538461538461539
B_path_wrong_20260903_154129_642037,B - PATH WRONG,0.6995506999955978,1,0.15063272416591644,0.4724341034889221,0.09636617075399051,-0.06869774387234774,-99.04173225136616,5.279850435590504,0.09607083964515992,0.06292673613337074,10.300793209082087,0.26689514322005703,9,0.11538461538461539
B_path_wrong_20260903_154129_642037,B - PATH WRONG,0.7312751999998,1,0.1523912400007248,0.47140175104141235,0.10701232300595635,-0.07600184371971276,-98.5905392550763,5.731043431880352,0.0969421431378263,0.0648764513726072,10.751986205371963,0.29817872054009276,9,0.11538461538461539
B_path_wrong_20260903_154129_642037,B - PATH WRONG,0.7636083999968832,1,0.15469831228256226,0.46747851371765137,0.11951149646676491,-0.09071945081721959,-98.48834187811828,5.8332408088383545,0.09735883512965623,0.07282336011736987,10.627550659586632,0.33754305567772924,11,0.14102564102564102
B_path_wrong_20260903_154129_642037,B - PATH WRONG,0.7951257999957306,1,0.1565568596124649,0.4677850008010864,0.13701188026123173,-0.10674615364199559,-97.84888627198977,6.47269641496689,0.09761481537761751,0.07972016095230613,11.267006265715168,0.43669382155381387,11,0.14102564102564102
B_path_wrong_20260903_154129_642037,B - PATH WRONG,0.8431445999885909,1,0.15734289586544037,0.46515172719955444,0.15430571757754158,-0.12548030444816785,-98.61761884513183,5.703963841824816,0.09827644675549436,0.08980391398286688,10.351237786686852,0.5120147919966185,13,0.16666666666666666
B_path_wrong_20260903_154129_642037,B - PATH WRONG,0.8754656999954022,1,0.15793734788894653,0.46506044268608093,0.16883227659116368,-0.14014415612080042,-98.20820840294496,6.113374284011684,0.09808479847157806,0.09583252879528048,10.76064822887372,0.5853131411930048,13,0.16666666666666666
B_path_wrong_20260903_154129_642037,B - PATH WRONG,0.907726499994169,1,0.1588488668203354,0.4623655080795288,0.18167442981354898,-0.15811435166056131,-97.98449197896522,6.337090707991422,0.0974236004143934,0.10419740788643268,10.53119194203586,0.6408743584807775,14,0.1794871794871795
B_path_wrong_20260903_154129_642037,B - PATH WRONG,0.9397456000006059,1,0.16040755808353424,0.45951682329177856,0.19302829268120256,-0.17394760607652665,-97.73655542232162,6.585027264635016,0.09690655171910487,0.11070890188913926,10.581719273311421,0.6430908805103496,15,0.19230769230769232
B_path_wrong_20260903_154129_642037,B - PATH WRONG,0.971572099995683,1,0.1622111052274704,0.45565903186798096,0.20427277777972033,-0.1980622778218681,-97.47745182611347,6.8441308608431655,0.09728917385472716,0.1259226648808281,10.558962573755878,0.6597539065649223,16,0.20512820512820512
B_path_wrong_20260903_154129_642037,B - PATH WRONG,1.0032532999903196,1,0.16344836354255676,0.4566013813018799,0.21641459916304054,-0.2150661795940909,-97.65069042955584,6.670892257400794,0.09768661240229216,0.13272984988410294,10.385723970313506,0.6855234855959933,16,0.20512820512820512
B_path_wrong_20260903_154129_642037,B - PATH WRONG,1.0356423999910476,1,0.16340498626232147,0.4553317129611969,0.2272879821746198,-0.23441350970098435,-97.62343249882697,6.6981501881296595,0.09742816245691341,0.14496066313011335,10.412981901042372,0.694774829876055,16,0.20512820512820512
B_path_wrong_20260903_154129_642037,B - PATH WRONG,1.0674725999997463,1,0.16215740144252777,0.4556286334991455,0.23386759876545948,-0.2478109973567501,-97.51954777229692,6.802034914659714,0.09904046813728133,0.1550453812663633,10.516866627572426,0.6515966758943331,16,0.20512820512820512
B_path_wrong_20260903_154129_642037,B - PATH WRONG,1.0997612999926787,1,0.16167831420898438,0.4571574330329895,0.23639472604103343,-0.2525030695469171,-97.07545851284263,7.246124174114016,0.09875644435533537,0.15868924182583916,10.960955887026728,0.5629564371828482,16,0.20512820512820512
B_path_wrong_20260903_154129_642037,B - PATH WRONG,1.1318135999899823,1,0.16280394792556763,0.4584411680698395,0.23757370045042736,-0.24697029096000497,-97.3142698692056,7.007312817751028,0.09844826679669096,0.1530624971134593,10.72214453066374,0.4310528187561332,16,0.20512820512820512
B_path_wrong_20260903_154129_642037,B - PATH WRONG,1.1640365999919595,1,0.163908451795578,0.4588319659233093,0.23848866875165756,-0.24253437196312144,-97.05716702650277,7.264415660453892,0.10008313898728202,0.14856238469346733,10.979247373366576,0.3272020493081953,16,0.20512820512820512
B_path_wrong_20260903_154129_642037,B - PATH WRONG,1.2113327999977628,1,0.16718776524066925,0.4594937264919281,0.24601140560273016,-0.23425745894718608,-96.64706525493055,7.674517432026107,0.09990723624856161,0.13841991757219058,11.389349144938791,0.2375216972573014,16,0.20512820512820512
B_path_wrong_20260903_154129_642037,B - PATH WRONG,1.2446796000003815,1,0.17019793391227722,0.45967429876327515,0.26200145161352045,-0.22621192540061189,-96.3084593786794,8.013123308277244,0.1007182336339778,0.12476100328252793,11.892131674060295,0.2510644249937565,17,0.21794871794871795
B_path_wrong_20260903_154129_642037,B - PATH WRONG,1.2757351999898674,1,0.17300142347812653,0.4589865803718567,0.28451949241243135,-0.22257433669376414,-96.45499316043295,7.866589526523683,0.10051013921086493,0.1128643760136054,11.253007708781638,0.3651779550855091,18,0.23076923076923078
B_path_wrong_20260903_154129_642037,B - PATH WRONG,1.3071881999931065,1,0.17500583827495575,0.45849156379699707,0.3087851475589507,-0.2224741157197146,-96.3608515507573,7.9607311361993425,0.10022594909938996,0.10228128998239179,11.347149318457298,0.4839525242259137,18,0.23076923076923078
B_path_wrong_20260903_154129_642037,B - PATH WRONG,1.3393212999944808,1,0.1786980926990509,0.45728516578674316,0.3381970104448132,-0.2255502061958421,-95.54208263833135,8.779500048625295,0.10151194510350726,0.08959907262136581,12.022005187609011,0.639905125978445,19,0.24358974358974358
B_path_wrong_20260903_154129_642037,B - PATH WRONG,1.371432799991453,1,0.18316182494163513,0.4530905485153198,0.3699643032899736,-0.2382840780938104,-96.18686936783453,8.134713319122113,0.1019730580409281,0.09160195034461906,11.137589395559303,0.8057632817299902,20,0.2564102564102564
B_path_wrong_20260903_154129_642037,B - PATH WRONG,1.4032194999890635,1,0.18713019788265228,0.4535979628562927,0.4036371577895684,-0.25036796570886677,-95.53064760369874,8.79093508325792,0.10185240722569257,0.0835698972889508,11.793811159695082,0.9235790042273443,20,0.2564102564102564
B_path_wrong_20260903_154129_642037,B - PATH WRONG,1.4352872999879764,1,0.19101643562316895,0.4514191448688507,0.43946325191553953,-0.26541717324978487,-95.35001076700617,8.971571919950463,0.10274523259565664,0.08620142223320393,12.052022135937477,1.0187453144132834,21,0.2692307692307692
B_path_wrong_20260903_154129_642037,B - PATH WRONG,1.4672790999902645,1,0.1971668303012848,0.44885578751564026,0.4835343732596704,-0.28457964870377433,-95.33746055028183,8.984122136674813,0.1037721672557696,0.08848020230697518,11.297149209072103,1.1650984189597406,22,0.28205128205128205
B_path_wrong_20260903_154129_642037,B - PATH WRONG,1.4995844999939436,1,0.20011703670024872,0.447074294090271,0.5261297985465188,-0.30488580490066014,-94.24035150763136,10.0812311793253,0.10250288283125673,0.08021119562264625,12.39425825172259,1.2731663699621085,22,0.28205128205128205
B_path_wrong_20260903_154129_642037,B - PATH WRONG,1.5315135999990162,1,0.20561999082565308,0.44380730390548706,0.5707919035942202,-0.32334720767455727,-94.4364867274132,9.885095959543435,0.10229673522327906,0.0745690169449366,12.02164501824248,1.3627287762342497,23,0.2948717948717949
B_path_wrong_20260903_154129_642037,B - PATH WRONG,1.5792051999887917,1,0.21262434124946594,0.44030505418777466,0.6214915963042146,-0.3497825491182391,-93.53495461293718,10.786628074019461,0.10267576810024748,0.08724920998226049,12.126190690715447,1.3773398478389252,24,0.3076923076923077
B_path_wrong_20260903_154129_642037,B - PATH WRONG,1.6119571999879554,1,0.21847698092460632,0.4349251389503479,0.6761018331888187,-0.38258384860074945,-93.13667717745892,11.184905509497725,0.10364798340009826,0.10344284153186062,12.32225029309086,1.5243525316761397,25,0.32051282051282054
B_path_wrong_20260903_154129_642037,B - PATH WRONG,1.6432631999923615,1,0.22340881824493408,0.432719886302948,0.7282887494424666,-0.4146729924214143,-92.06741888983885,12.254163797117798,0.10461163963009139,0.1246602197315629,13.391508580710934,1.6150012490587866,25,0.32051282051282054
B_path_wrong_20260903_154129_642037,B - PATH WRONG,1.6757254999974975,1,0.2251228541135788,0.42907172441482544,0.7780173181014305,-0.4504743424571038,-91.00802109908248,13.313561587874176,0.1050104971115573,0.154413635507325,13.638586486072569,1.7004728337062418,26,0.3333333333333333
B_path_wrong_20260903_154129_642037,B - PATH WRONG,1.7079966999881435,1,0.22951291501522064,0.42386138439178467,0.8255326982781629,-0.49014039342469073,-90.89287169113443,13.4287109958222,0.10549155087615913,0.19309877401548947,13.067729828980475,1.781262004248385,27,0.34615384615384615
B_path_wrong_20260903_154129_642037,B - PATH WRONG,1.7394354999996722,1,0.2329971343278885,0.4216245114803314,0.866047664161067,-0.5272900148611246,-90.62789907395037,13.693683613006272,0.10562654634054999,0.23182380008388886,12.874539654270905,1.891175844971722,28,0.358974358974359
B_path_wrong_20260903_154129_642037,B - PATH WRONG,1.7718547999975272,1,0.23731230199337006,0.4195452332496643,0.9035050902271448,-0.557875725536478,-90.35715666866918,13.964426018287469,0.10401461652589448,0.260750322843636,12.873434078560507,1.8003422657492087,29,0.3717948717948718
B_path_wrong_20260903_154129_642037,B - PATH WRONG,1.8032458999950904,1,0.24241702258586884,0.4187713861465454,0.9413063257967483,-0.5856148286520384,-89.4702696511465,14.851313035810165,0.10397490466847804,0.28331078564083845,13.760321096083203,1.7080669970585656,29,0.3717948717948718
B_path_wrong_20260903_154129_642037,B - PATH WRONG,1.837691900000209,1,0.2485152631998062,0.41318947076797485,0.9878263416040666,-0.6171995486346559,-88.85086609882357,15.470716588133087,0.1057144239149517,0.3102728979479817,14.174200873106997,1.6570559776344045,30,0.38461538461538464
B_path_wrong_20260903_154129_642037,B - PATH WRONG,1.8673473999951966,1,0.2544056177139282,0.41387492418289185,1.0373299612937783,-0.6370594221972455,-88.69772932229225,15.623853364664399,0.10641559631670906,0.32234805764126306,13.69340275897838,1.632872788148163,31,0.3974358974358974
B_path_wrong_20260903_154129_642037,B - PATH WRONG,1.899720499990508,1,0.25843530893325806,0.41217172145843506,1.087918350047968,-0.6558579965390726,-87.88697495168827,16.434607735268372,0.10788024092082091,0.33537849274760423,14.504157129582381,1.6165757106637675,31,0.3974358974358974
B_path_wrong_20260903_154129_642037,B - PATH WRONG,1.9472035999933723,1,0.26196667551994324,0.409196674823761,1.1369480092826374,-0.6764379675793114,-88.06215730851433,16.2594253784423,0.10566226459481473,0.3510993973171749,14.180416651958353,1.5420847331111653,32,0.41025641025641024
B_path_wrong_20260903_154129_642037,B - PATH WRONG,1.9790262999886181,1,0.2693530023097992,0.4081578254699707,1.1905150531011643,-0.6975449432920817,-87.30261682494321,17.01896586201343,0.10639461698867922,0.37119325471343745,14.939957135529482,1.6054302013243764,32,0.41025641025641024
B_path_wrong_20260903_154129_642037,B - PATH WRONG,2.0114024999929825,1,0.2735792398452759,0.4065134823322296,1.240359281861168,-0.7108213478904948,-87.42037597303491,16.901206713921738,0.10576312407929164,0.3804305955967601,14.836977632276046,1.5972262249442621,33,0.4230769230769231
B_path_wrong_20260903_154129_642037,B - PATH WRONG,2.044323299996904,1,0.2785230278968811,0.4051608145236969,1.2883210928404014,-0.7281509233779172,-86.72177680732241,17.599805879634232,0.10546887359340687,0.3995380914438467,15.53557679798854,1.5477194680972775,33,0.4230769230769231
B_path_wrong_20260903_154129_642037,B - PATH WRONG,2.0751396999985445,1,0.28277233242988586,0.40144312381744385,1.3367196444215113,-0.7494866707996362,-86.10941217970785,18.2121705072488,0.10724256718221142,0.422684374088712,15.32826978895173,1.5575889776545364,34,0.4358974358974359
B_path_wrong_20260903_154129_642037,B - PATH WRONG,2.107170099989162,1,0.2870757579803467,0.3996794819831848,1.3866535742129904,-0.7684133217381055,-85.50494950458898,18.816633182367667,0.10764123812605915,0.4437407685403565,15.45311365503909,1.6671592142564493,35,0.44871794871794873
B_path_wrong_20260903_154129_642037,B - PATH WRONG,2.139663499998278,1,0.292467325925827,0.3980420231819153,1.4326205670109304,-0.7885304153050571,-85.77822977214589,18.543352914810754,0.11037331396762166,0.462076518446381,15.179833387482176,1.6138552904411565,35,0.44871794871794873
B_path_wrong_20260903_154129_642037,B - PATH WRONG,2.171121299994411,1,0.2978348135948181,0.3949283957481384,1.480857141110031,-0.8115694451473651,-85.7122960865378,18.60928660041884,0.1087727688829822,0.4871253898715618,14.421065392856235,1.635221020612001,36,0.46153846153846156
B_path_wrong_20260903_154129_642037,B - PATH WRONG,2.2034018999984255,1,0.302167147397995,0.39228737354278564,1.5278777283820593,-0.8371705995953339,-85.00753716656446,19.3140455203922,0.10985901602479908,0.5102771157720978,15.125824312829593,1.6571169300971775,36,0.46153846153846156
B_path_wrong_20260903_154129_642037,B - PATH WRONG,2.2357986999995774,1,0.3075506389141083,0.390656441450119,1.577153850609387,-0.858621858949887,-84.77165573802466,19.549926948931983,0.11033628862742052,0.5279518394349111,14.885939758254978,1.645663279024367,37,0.47435897435897434
B_path_wrong_20260903_154129_642037,B - PATH WRONG,2.2681515000003856,1,0.3108120262622833,0.3903486132621765,1.6243576923177028,-0.877177970840598,-84.17517076700726,20.1464119199494,0.11120667400998835,0.5435637065510723,15.482424729272395,1.6256317932380182,37,0.47435897435897434
B_path_wrong_20260903_154129_642037,B - PATH WRONG,2.315365499991458,1,0.3136477768421173,0.3877914845943451,1.6664788311794572,-0.8975630117899733,-83.75425008049993,20.567332606456716,0.11139768823799626,0.5612086456489674,15.400411394737631,1.515013779557914,38,0.48717948717948717
B_path_wrong_20260903_154129_642037,B - PATH WRONG,2.347729999994044,1,0.319924533367157,0.3848785161972046,1.71040821481842,-0.9175490061288952,-82.85692405463851,21.464658632318134,0.11015959732641527,0.5777709833557456,16.29773742059905,1.473592053935248,38,0.48717948717948717
B_path_wrong_20260903_154129_642037,B - PATH WRONG,2.3792385999986436,1,0.32636725902557373,0.3863292336463928,1.7585344925055117,-0.9293978397030994,-82.4696923548225,21.851890332134133,0.11113826371133907,0.5853690045780613,16.448604048359897,1.4563915099324958,39,0.5
B_path_wrong_20260903_154129_642037,B - PATH WRONG,2.411756899993634,1,0.3315126299858093,0.38361090421676636,1.8061872246085362,-0.9434091585996893,-82.21865453061253,22.10292815634412,0.11197984429572998,0.5952621491434468,16.699641872569885,1.4300744830043775,39,0.5
B_path_wrong_20260903_154129_642037,B - PATH WRONG,2.4434400999889476,1,0.33535629510879517,0.3846655488014221,1.8549979208694465,-0.9547109551600086,-81.77130160693112,22.550281080025513,0.11177845762176478,0.6063915843011229,17.146994796251278,1.432914061232994,39,0.5
B_path_wrong_20260903_154129_642037,B - PATH WRONG,2.4761866999906488,1,0.3392072319984436,0.3835931420326233,1.905827497828187,-0.9630601149928376,-81.55941753348105,22.762165153475593,0.11091851438553661,0.6186760293932936,17.358878869701357,1.5492440762079824,39,0.5
B_path_wrong_20260903_154129_642037,B - PATH WRONG,2.5070035999960965,1,0.34308624267578125,0.3824797570705414,1.9518887256046837,-0.9678304792626731,-80.83843855253906,23.483144134417586,0.11216712429115,0.6260235978497486,17.144831225167138,1.5515031673247326,40,0.5128205128205128
B_path_wrong_20260903_154129_642037,B - PATH WRONG,2.53933019998658,1,0.34515631198883057,0.3831568658351898,1.9892541392152843,-0.9741393036415474,-80.67788043999738,23.643702246959265,0.11245051740868922,0.6349593115436288,17.305389337708817,1.4713625793737684,40,0.5128205128205128
B_path_wrong_20260903_154129_642037,B - PATH WRONG,2.573541199992178,1,0.34860748052597046,0.38304388523101807,2.0232503263724357,-0.9752669229509925,-80.12096204896149,24.200620637995144,0.11324732996565819,0.6403596679798241,17.862307728744724,1.36470969939084,40,0.5128205128205128
B_path_wrong_20260903_154129_642037,B - PATH WRONG,2.603480899997521,1,0.35482078790664673,0.38105207681655884,2.0619589736648005,-0.9824529623723922,-80.0322016818233,24.28938100513335,0.11374632066987503,0.653618950874694,17.39794108977327,1.3113678396571786,41,0.5256410256410257
B_path_wrong_20260903_154129_642037,B - PATH WRONG,2.635238799994113,1,0.3584755063056946,0.3801043629646301,2.100277405171746,-0.9893910274854391,-79.64688263130871,24.674700055647918,0.1137322426180914,0.6648695567582966,17.783260140287837,1.2421219161454244,41,0.5256410256410257
B_path_wrong_20260903_154129_642037,B - PATH WRONG,2.6841717999923276,1,0.3604442775249481,0.37813884019851685,2.1347969816972205,-0.9980237219958875,-79.23897701195305,25.082605675003606,0.11558203682927301,0.6791045937639671,18.191165759643496,1.0869780545088858,41,0.5256410256410257
B_path_wrong_20260903_154129_642037,B - PATH WRONG,2.71540119999554,1,0.36403003334999084,0.3792058825492859,2.1723307736562982,-1.0058809633871948,-79.78042036316157,24.541162323795078,0.1149036831331921,0.6948330120586867,17.649722408434968,1.0980792460697333,41,0.5256410256410257
B_path_wrong_20260903_154129_642037,B - PATH WRONG,2.7474917999934405,1,0.36519578099250793,0.3798651099205017,2.205319594819408,-1.012202530231723,-79.60021957033169,24.721363116624957,0.11597552235049012,0.7085403587625969,16.895447698467535,1.1087168422039946,42,0.5384615384615384
B_path_wrong_20260903_154129_642037,B - PATH WRONG,2.779227799997898,1,0.3682469129562378,0.3820546865463257,2.2320198610141264,-1.0102086603269431,-78.76532053037165,25.556262156584978,0.11624911077415752,0.7113239798042883,17.730346738427556,1.014476328319301,42,0.5384615384615384
B_path_wrong_20260903_154129_642037,B - PATH WRONG,2.811375399993267,1,0.3714090883731842,0.38541513681411743,2.257740616837395,-0.9996472306547552,-78.85669183416154,25.464890852795122,0.11624618436095517,0.7065401396568832,17.638975434637672,0.9420001136386054,42,0.5384615384615384
B_path_wrong_20260903_154129_642037,B - PATH WRONG,2.843086699998821,1,0.3730907440185547,0.39119139313697815,2.2828903916648056,-0.9736898798412995,-78.80849804472165,25.513084642235015,0.11492939864652411,0.6876966174264749,16.699281989055777,1.0245001422727582,43,0.5512820512820513
B_path_wrong_20260903_154129_642037,B - PATH WRONG,2.878897999995388,1,0.37477201223373413,0.39400047063827515,2.3042527500961927,-0.9442681785866065,-78.35378788133713,25.96779480561952,0.11587997316189966,0.6618493745396675,17.15399215244031,0.9820888124188489,43,0.5512820512820513
B_path_wrong_20260903_154129_642037,B - PATH WRONG,2.907690399995772,1,0.37610700726509094,0.3969206213951111,2.325951687422688,-0.9103502242418416,-77.79272889806015,26.528853788896498,0.11469322431486977,0.6327060743961169,17.71505113571726,1.052305413635347,43,0.5512820512820513
B_path_wrong_20260903_154129_642037,B - PATH WRONG,2.9393547999934526,1,0.3795503079891205,0.4027334451675415,2.3484305229144824,-0.8692267908071447,-77.65818596156,26.663396725396638,0.11607092012115079,0.5980861316318756,17.849594072217428,1.1795503827385148,43,0.5512820512820513
B_path_wrong_20260903_154129_642037,B - PATH WRONG,2.9714661999896634,1,0.3829626441001892,0.4095958471298218,2.3714068479723167,-0.8211390961207071,-77.68226128327895,26.639321403677684,0.11665082295868501,0.5550267594371857,16.72379642199411,1.3386544926035868,44,0.5641025641025641
B_path_wrong_20260903_154129_642037,B - PATH WRONG,3.0031822999881115,1,0.38496488332748413,0.4153050482273102,2.39502071118382,-0.7731847528190194,-77.26796787537546,27.053614811581184,0.11653719128379195,0.5113910573728402,17.13808982989758,1.4477996311344903,44,0.5641025641025641
B_path_wrong_20260903_154129_642037,B - PATH WRONG,3.050821899989387,1,0.3913012146949768,0.42206063866615295,2.4278920053265045,-0.7173820582183406,-76.99008009744239,27.33150258951426,0.11606114901152446,0.4590823429516597,15.120201140884177,1.5166183674530171,45,0.5769230769230769
B_path_wrong_20260903_154129_642037,B - PATH WRONG,3.083259299994097,1,0.3941752314567566,0.4267582595348358,2.4638239211846846,-0.6580445443779952,-76.01986696441885,28.30171572253778,0.1187407144864475,0.40179475958750094,16.090414273907697,1.6646549402898987,45,0.5769230769230769
B_path_wrong_20260903_154129_642037,B - PATH WRONG,3.115709399993648,1,0.3965471684932709,0.43334877490997314,2.497625237518255,-0.5971604508109623,-75.52025224488828,28.801330442068377,0.11962644494517703,0.3469476988521986,16.590028993438295,1.7978380198017294,45,0.5769230769230769
B_path_wrong_20260903_154129_642037,B - PATH WRONG,3.1471769999916432,1,0.3987833559513092,0.44277772307395935,2.529087570563313,-0.5311723181758086,-75.18771839539214,29.13386429156452,0.11958996006297229,0.29273250111589155,16.92256284293444,1.9305202370328192,45,0.5769230769230769
B_path_wrong_20260903_154129_642037,B - PATH WRONG,3.1788093999930425,1,0.4024122357368469,0.44764575362205505,2.563784771133274,-0.46685700457823853,-75.10395604294143,29.217626644015212,0.12146425485692404,0.22729292199600637,16.29074840401148,2.0557757078923524,46,0.5897435897435898
B_path_wrong_20260903_154129_642037,B - PATH WRONG,3.211539299998549,1,0.4041139483451843,0.4539175033569336,2.5892651981275825,-0.4035038953057419,-74.34911711239064,29.972465574566,0.12097558220148076,0.16595580926452153,17.045587334562242,2.2009015767103515,46,0.5897435897435898
B_path_wrong_20260903_154129_642037,B - PATH WRONG,3.244247799986624,1,0.40389397740364075,0.46406686305999756,2.6085926736949685,-0.32930902211667146,-74.08315239750445,30.238430289452197,0.1204517152689951,0.1004476312085121,17.311552049448437,2.2419935510363076,46,0.5897435897435898
B_path_wrong_20260903_154129_642037,B - PATH WRONG,3.2756135999952676,1,0.4082323908805847,0.46794992685317993,2.63183084160517,-0.2604984037055431,-73.75367940810418,30.56790327885247,0.12111987923774303,0.07148962813627469,17.64102503884874,2.2760981470516093,46,0.5897435897435898
B_path_wrong_20260903_154129_642037,B - PATH WRONG,3.307224899996072,1,0.4043824374675751,0.4767819046974182,2.6429656229645,-0.19287496822238145,-73.66153410841137,30.660048578545286,0.12102326560917985,0.06284007914048584,16.376654474881747,2.245048143192288,47,0.6025641025641025
B_path_wrong_20260903_154129_642037,B - PATH WRONG,3.339945699990494,1,0.40569090843200684,0.48478659987449646,2.649485853738665,-0.11901371056431431,-73.92953013381846,30.39205255313817,0.12037300353785885,0.11099252646942341,16.10865844947466,2.2357688600821977,47,0.6025641025641025
B_path_wrong_20260903_154129_642037,B - PATH WRONG,3.371566299989354,1,0.4052566885948181,0.49221405386924744,2.6517583984039304,-0.04285412697326278,-74.35002078414887,29.971561902807764,0.12129451573046181,0.1813329753281528,15.688167799144253,2.3006965279047087,47,0.6025641025641025
B_path_wrong_20260903_154129_642037,B - PATH WRONG,3.4193543000001227,1,0.40430575609207153,0.4997514486312866,2.6525772944408588,0.0281110942117301,-74.03082822547701,30.29075446147965,0.12148548241945999,0.25023021880233365,16.00736035781611,2.1288870164579743,47,0.6025641025641025
B_path_wrong_20260903_154129_642037,B - PATH WRONG,3.4511253999953624,1,0.406962126493454,0.5065973401069641,2.6500511450754396,0.10496843151507483,-74.08481192567508,30.236770761281548,0.12245383557302834,0.3263663606513896,15.953376657618037,2.149778210715034,47,0.6025641025641025
B_path_wrong_20260903_154129_642037,B - PATH WRONG,3.4829058999894187,1,0.40900498628616333,0.5175676345825195,2.6592439154018375,0.18607819630988642,-74.40621616412605,29.915366522830595,0.1232289872110952,0.40563997567390175,15.631972419167084,2.2298089766196245,47,0.6025641025641025
B_path_wrong_20260903_154129_642037,B - PATH WRONG,3.5154218999959994,1,0.40854567289352417,0.5283917784690857,2.6649211283552545,0.2727949423288144,-74.42720645816769,29.894376228788957,0.12394686633847196,0.48666914494900904,14.979192109935326,2.3112484739766677,48,0.6153846153846154
B_path_wrong_20260903_154129_642037,B - PATH WRONG,3.5479063999955542,1,0.4118635058403015,0.5406235456466675,2.6780599735918873,0.36906592982773395,-74.23009194688512,30.09149074007152,0.12381610894931316,0.5747138924731918,15.17630662121789,2.4275070721645333,48,0.6153846153846154
B_path_wrong_20260903_154129_642037,B - PATH WRONG,3.57893749998766,1,0.4093037545681,0.5541837811470032,2.68799939313832,0.4773144201703222,-74.4010339035616,29.92054878339505,0.12383229146649019,0.6743734995082034,14.621297336897811,2.831125122901849,49,0.6282051282051282
B_path_wrong_20260903_154129_642037,B - PATH WRONG,3.6112491999956546,1,0.40942710638046265,0.568078339099884,2.6929014493090064,0.599580452474121,-74.60679577066125,29.714786916295395,0.12422520498411815,0.7799686490446912,13.708717413993412,3.104296550751285,50,0.6410256410256411
B_path_wrong_20260903_154129_642037,B - PATH WRONG,3.6431930999970064,1,0.409075528383255,0.5814356207847595,2.6930417349657634,0.7265934384713209,-74.14923980938234,30.172342877574295,0.12393069312800707,0.8950691993957675,14.16627337527234,3.3861445090039597,50,0.6410256410256411
B_path_wrong_20260903_154129_642037,B - PATH WRONG,3.675615599990124,1,0.41048452258110046,0.5954130291938782,2.6968974865380617,0.8598772585195626,-75.18962348764718,29.13195919930945,0.12410944563834138,1.0111089780292646,10.882247270819732,3.674023595825131,52,0.6666666666666666
B_path_wrong_20260903_154129_642037,B - PATH WRONG,3.7076056999940192,1,0.4130762219429016,0.6078097224235535,2.699309190781724,0.9934890637070072,-73.55698641087223,30.764596276084433,0.12485904199710235,1.1247582008486237,12.514884347594688,3.911217071797273,52,0.6666666666666666
B_path_wrong_20260903_154129_642037,B - PATH WRONG,3.739661599989631,1,0.41184476017951965,0.6221634149551392,2.704362437789076,1.1286788010133764,-71.07303100893967,33.24855167801698,0.12441742642939971,1.2352008842857813,12.715619544231856,4.054678412335489,54,0.6923076923076923
B_path_wrong_20260903_154129_642037,B - PATH WRONG,3.7735084999876563,1,0.4090445339679718,0.6387583613395691,2.7036016236886167,1.2692387467518262,-70.46773303592347,33.85384965103316,0.12301518155876653,1.3461502979574345,10.466575248276115,4.127867629266754,56,0.717948717948718
B_path_wrong_20260903_154129_642037,B - PATH WRONG,3.81942089999211,1,0.4107682406902313,0.6537240743637085,2.7069678867779596,1.41299734770581,-70.42924622203134,33.89233646492531,0.12311329577404813,1.432869982136001,10.455412916617831,3.958962165977206,58,0.7435897435897436
B_path_wrong_20260903_154129_642037,B - PATH WRONG,3.8514981999906013,1,0.4106235206127167,0.669211745262146,2.707244309381725,1.559759377448053,-67.49324808692639,36.828334600030246,0.12260161169224632,1.5240923622887623,12.077920214860171,4.052907478755647,60,0.7692307692307693
B_path_wrong_20260903_154129_642037,B - PATH WRONG,3.883645699999761,1,0.4083213806152344,0.6873189210891724,2.6977884515900366,1.7178777296501568,-65.89672050380761,38.42486218314903,0.12003272806324251,1.6209587875452216,13.674447797978928,4.2012938192551355,60,0.7692307692307693
B_path_wrong_20260903_154129_642037,B - PATH WRONG,3.9172383999975864,1,0.4100692868232727,0.7051040530204773,2.6942576032582712,1.8828201167145262,-66.34435227311229,37.97723041384435,0.12043989688110533,1.7268427018913244,12.355324966387286,4.340214231127659,61,0.782051282051282
B_path_wrong_20260903_154129_642037,B - PATH WRONG,3.947458499998902,1,0.4090949296951294,0.7231240272521973,2.6943578242323207,2.050596428140318,-64.3163474732372,40.00523521371946,0.12296885130364558,1.8307002718992529,14.383329766262364,4.619067844888847,61,0.782051282051282
B_path_wrong_20260903_154129_642037,B - PATH WRONG,3.979191099992022,1,0.4108242094516754,0.7394531965255737,2.6944691281881257,2.221084217722689,-62.82741386959162,41.49416881736502,0.12260204951731785,1.9445942652678847,15.229050097113372,5.067435723623638,62,0.7948717948717948
B_path_wrong_20260903_154129_642037,B - PATH WRONG,4.01203089999035,1,0.41620007157325745,0.753923773765564,2.70555910348218,2.3895493335011753,-65.35262706028115,38.968955626675495,0.1230358383664968,2.0498093153249917,12.703836906423874,5.178956672033295,62,0.7948717948717948
B_path_wrong_20260903_154129_642037,B - PATH WRONG,4.043438900000183,1,0.4206241965293884,0.7645294666290283,2.7300254672795683,2.543096400234054,-61.96942091142266,42.352161775534,0.1229309588663894,2.136059825389334,16.862113727546443,5.185527576086579,63,0.8076923076923077
B_path_wrong_20260903_154129_642037,B - PATH WRONG,4.07633569999598,1,0.4261113405227661,0.7754827737808228,2.761927978428865,2.6830571537503625,-59.97512033880746,44.3464623481492,0.12190434245089186,2.213583010906863,19.38242408021671,5.07497084661332,64,0.8205128205128205
B_path_wrong_20260903_154129_642037,B - PATH WRONG,4.107692399993539,1,0.4343501031398773,0.7850433588027954,2.812152436437252,2.8061948892394497,-62.97489666286977,41.346686024086864,0.12277510629360212,2.266088989577426,16.382647756154398,4.813810648894309,64,0.8205128205128205
B_path_wrong_20260903_154129_642037,B - PATH WRONG,4.13915009998891,1,0.44407373666763306,0.7930790781974792,2.8782751058027984,2.912839606928112,-60.55917721854799,43.762405468408645,0.12150724748054706,2.302170922011248,18.79836720047618,4.53690064205922,64,0.8205128205128205
B_path_wrong_20260903_154129_642037,B - PATH WRONG,4.187078599992674,1,0.451145738363266,0.7938627004623413,2.9477708539951304,2.9922653511690216,-60.830673873596155,43.49090881336048,0.12144525461072848,2.3207116436730586,18.52687054542801,3.949360587642622,64,0.8205128205128205
B_path_wrong_20260903_154129_642037,B - PATH WRONG,4.21926079998957,1,0.46026092767715454,0.7931212186813354,3.026595627995433,3.0491251962807144,-60.33457761174372,43.98700507521292,0.1224087232050736,2.3200214990024954,19.022966807280454,3.5630339472913546,64,0.8205128205128205
B_path_wrong_20260903_154129_642037,B - PATH WRONG,4.251549399996293,1,0.4657357335090637,0.7917522192001343,3.105395865340942,3.081479916792518,-59.85303109852747,44.46855158842919,0.12110264171044977,2.3010033361126863,16.062553144333037,3.218350729394146,65,0.8333333333333334
B_path_wrong_20260903_154129_642037,B - PATH WRONG,4.2832360999891534,1,0.47244495153427124,0.7849299907684326,3.1811543279666656,3.081254464051369,-62.017876740946605,42.30370594601004,0.12500838567131928,2.256902869591429,13.897707501913914,2.848179522718304,65,0.8333333333333334
B_path_wrong_20260903_154129_642037,B - PATH WRONG,4.315467699998408,1,0.47876402735710144,0.7768199443817139,3.2501422148185877,3.048920250019174,-58.66442004320832,45.657162643748336,0.11982326285708605,2.1914148441308403,17.25116419965221,2.5229240199535616,65,0.8333333333333334
B_path_wrong_20260903_154129_642037,B - PATH WRONG,4.347364699991886,1,0.48631829023361206,0.7706025838851929,3.320089164829631,3.002663321677147,-62.23186670393089,42.08971598302577,0.12070929090240679,2.1138412960273323,14.195201616934412,2.6085324696515495,66,0.8461538461538461
B_path_wrong_20260903_154129_642037,B - PATH WRONG,4.378968699995312,1,0.48888877034187317,0.7537556886672974,3.377020782619961,2.924377879944055,-60.874743089956475,43.44683959700018,0.1188656854683364,2.017045050663359,15.55232523090882,2.6171745291681403,66,0.8461538461538461
B_path_wrong_20260903_154129_642037,B - PATH WRONG,4.411861000000499,1,0.49401217699050903,0.7411380410194397,3.4332535798869195,2.823722476716406,-63.13730795878445,41.1842747281722,0.11946052850252292,1.9026884006323028,12.778276284076071,2.7902232099848048,65,0.8333333333333334
B_path_wrong_20260903_154129_642037,B - PATH WRONG,4.443950099986978,1,0.4973727762699127,0.7240734696388245,3.482827046068598,2.7026983310419626,-65.2668470908759,39.05473559608075,0.12025805313825863,1.7742727168348615,10.64873715198462,3.1272633546891107,65,0.8333333333333334
B_path_wrong_20260903_154129_642037,B - PATH WRONG,4.475726899996516,1,0.4966999888420105,0.7062820792198181,3.51849593372877,2.562421090239181,-67.19776298238877,37.12381970456789,0.11721394117526009,1.63838355287681,8.717821260471737,3.565802656255381,65,0.8333333333333334
B_path_wrong_20260903_154129_642037,B - PATH WRONG,4.507740799992462,1,0.49396780133247375,0.6874683499336243,3.5337083633646222,2.397093702910219,-66.31294186321091,38.008640823745736,0.11970610180910414,1.4956014171018495,13.044602555813242,4.076753463970148,64,0.8205128205128205
B_path_wrong_20260903_154129_642037,B - PATH WRONG,4.555169799990836,1,0.4922298789024353,0.6676963567733765,3.540352759094809,2.225949231842056,-67.92360531116653,36.397977375790106,0.11565762517013546,1.3520276450892528,11.43393910785764,4.18647801298667,64,0.8205128205128205
B_path_wrong_20260903_154129_642037,B - PATH WRONG,4.587626399996225,1,0.4899822473526001,0.6443114280700684,3.5323385186731895,2.0333920844199955,-68.75553711230204,35.566045574654595,0.11830817637019764,1.209731142560353,10.602007306722129,4.6728583493279645,64,0.8205128205128205
B_path_wrong_20260903_154129_642037,B - PATH WRONG,4.620265899997321,1,0.4855665862560272,0.6257355809211731,3.5088597848648995,1.837829493122083,-70.02384491545004,34.297737771506604,0.12028799438811776,1.0865004900027713,8.807689723519047,5.064735540813838,63,0.8076923076923077
B_path_wrong_20260903_154129_642037,B - PATH WRONG,4.651548899986665,1,0.48316022753715515,0.603644073009491,3.4819335325234926,1.6337153442229329,-70.71604896724068,33.605533719715964,0.12174303613886701,0.966277721731701,7.340414999464315,5.4699902937689355,62,0.7948717948717948
B_path_wrong_20260903_154129_642037,B - PATH WRONG,4.683128499993472,1,0.47932547330856323,0.5869108438491821,3.452814627813105,1.4337386442879547,-71.8402984703644,32.48128421659226,0.12182809372309075,0.853564359681758,6.859378769135162,5.713010101565997,61,0.782051282051282
B_path_wrong_20260903_154129_642037,B - PATH WRONG,4.715270899992902,1,0.4734729528427124,0.5689024925231934,3.4155131043326206,1.2372692635737443,-71.54007922081735,32.7815034661393,0.11862646027878429,0.7592608547492556,8.031089080969195,6.2350309191482705,60,0.7692307692307693
B_path_wrong_20260903_154129_642037,B - PATH WRONG,4.747447199988528,1,0.4688405990600586,0.5526381134986877,3.373469131472174,1.0549603775051968,-72.80491045545564,31.51667223150099,0.11579885775074522,0.6957813147930323,6.766257846330916,6.210370101165764,60,0.7692307692307693
B_path_wrong_20260903_154129_642037,B - PATH WRONG,4.779190399989602,1,0.46516358852386475,0.5350198745727539,3.332894098198851,0.874555867745441,-73.01416439289382,31.307418294062813,0.11602825532431946,0.6086773003278508,7.870494745755366,6.168963457911589,58,0.7435897435897436
B_path_wrong_20260903_154129_642037,B - PATH WRONG,4.811836399996537,1,0.46033966541290283,0.5209375023841858,3.2875113030006786,0.710078965914772,-73.76016571716826,30.561416969788382,0.11697792552088114,0.5384797024916179,7.174142567031311,5.897249780416062,56,0.717948717948718
B_path_wrong_20260903_154129_642037,B - PATH WRONG,4.843339200000628,1,0.45602700114250183,0.5091640949249268,3.241178097666575,0.5554655622421505,-74.18715451711793,30.134428169838714,0.1177325757996868,0.4595512145619108,8.461312467707387,5.642153069220145,55,0.7051282051282052
B_path_wrong_20260903_154129_642037,B - PATH WRONG,4.876030199986417,1,0.45527154207229614,0.4964503347873688,3.20498131632464,0.41138140610753127,-73.7815728238743,30.540009863082332,0.11853434700265923,0.3628553397299021,10.007077729297237,5.306587784059846,54,0.6923076923076923
B_path_wrong_20260903_154129_642037,B - PATH WRONG,4.922935599999619,1,0.450753390789032,0.4866408407688141,3.1690116472077547,0.280133950605343,-74.27817932964496,30.04340335731169,0.11634287552149697,0.27550597109445746,9.912456006783373,4.724287748401975,53,0.6794871794871795
B_path_wrong_20260903_154129_642037,B - PATH WRONG,4.956705999997212,1,0.44879674911499023,0.47437459230422974,3.136463241218012,0.1595298914265017,-73.66466714748832,30.656915539468343,0.11724049597829705,0.18443868730135918,12.407203610978598,4.298521531802918,52,0.6666666666666666
B_path_wrong_20260903_154129_642037,B - PATH WRONG,4.9876403999951435,1,0.4464096128940582,0.4660685658454895,3.1087608245500786,0.05041313540098774,-74.46705886796397,29.854523818992675,0.11556709785175485,0.1043789513257561,13.05412856830759,3.981772900200018,51,0.6538461538461539
B_path_wrong_20260903_154129_642037,B - PATH WRONG,5.019391599998926,1,0.44542765617370605,0.45698773860931396,3.087682119330875,-0.0533489402203583,-74.43211201090631,29.889470676050337,0.11659794977250336,0.05794921874310954,13.089075425365252,3.623718918525489,51,0.6538461538461539
B_path_wrong_20260903_154129_642037,B - PATH WRONG,5.051386599996476,1,0.4484342336654663,0.4488101601600647,3.074084900934395,-0.1480900020988637,-73.62997881540907,30.691603871547557,0.11694705617797271,0.05930670916371666,14.685534369245602,3.3131730960429984,50,0.6410256410256411
B_path_wrong_20260903_154129_642037,B - PATH WRONG,5.083730699989246,1,0.4503023326396942,0.44292259216308594,3.0731878906196446,-0.23503160818612065,-73.82677492641373,30.494807760542926,0.11578964774215432,0.1415473626878371,14.488738258240915,3.2706873245228087,50,0.6410256410256411
B_path_wrong_20260903_154129_642037,B - PATH WRONG,5.1152471999957925,1,0.45293036103248596,0.4375876784324646,3.081408321915729,-0.3081890076018367,-73.8071996914767,30.514382995479934,0.11752564279597238,0.21396074055144496,15.215131548982697,2.9979152423118585,49,0.6282051282051282
B_path_wrong_20260903_154129_642037,B - PATH WRONG,5.1471547999972245,1,0.4555665850639343,0.4339696764945984,3.0996186092153213,-0.3720234264723575,-73.45748058016375,30.8641021067929,0.11670675259551135,0.27521398336984715,15.564850660295662,2.685915735836656,49,0.6282051282051282
B_path_wrong_20260903_154129_642037,B - PATH WRONG,5.1791391000006115,1,0.4596238136291504,0.43484216928482056,3.1278502234452246,-0.4160638769979962,-72.97117102776991,31.350411659186733,0.11705124990079535,0.32746214933478507,16.051160212689496,2.3464535000291447,49,0.6282051282051282
B_path_wrong_20260903_154129_642037,B - PATH WRONG,5.211539599986281,1,0.46585971117019653,0.43301963806152344,3.1625039218301163,-0.44746617228627594,-72.63051260602003,31.691070080936612,0.11767675863087115,0.3702554549365311,15.685000578634629,2.0367789215208227,50,0.6410256410256411
B_path_wrong_20260903_154129_642037,B - PATH WRONG,5.243539899995085,1,0.4707733988761902,0.432833194732666,3.2032143215757816,-0.4675307550412768,-72.36077789861376,31.960804788342898,0.11830538229746634,0.4034723969983902,15.954735286040886,1.7825952513003234,50,0.6410256410256411
B_path_wrong_20260903_154129_642037,B - PATH WRONG,5.292550199999823,1,0.4767976701259613,0.4341106414794922,3.250678761523539,-0.47444546884517225,-72.25208633519456,32.0694963517621,0.1195799180482935,0.43037351293056936,16.063426849460086,1.5113436438073606,50,0.6410256410256411
B_path_wrong_20260903_154129_642037,B - PATH WRONG,5.323389499986661,1,0.48414742946624756,0.43809056282043457,3.30751691480998,-0.46625034467855014,-70.84092725852834,33.48065542842829,0.12043801566209965,0.44920159252084124,16.680260177743207,1.467524574751221,51,0.6538461538461539
B_path_wrong_20260903_154129_642037,B - PATH WRONG,5.3553600999875925,1,0.48751991987228394,0.44253432750701904,3.362993343022637,-0.45095310356199675,-70.50103340839709,33.820549278559554,0.11680471609593657,0.4585563807136825,17.02015402787447,1.5003359139584986,51,0.6538461538461539
B_path_wrong_20260903_154129_642037,B - PATH WRONG,5.387479099998018,1,0.49382370710372925,0.44290533661842346,3.418604782103943,-0.43129361268022487,-70.78676214236728,33.534820544589365,0.11986821117886734,0.47126869123768256,16.73442529390428,1.5789017634477105,51,0.6538461538461539
B_path_wrong_20260903_154129_642037,B - PATH WRONG,5.4194253999885404,1,0.4988338351249695,0.44865918159484863,3.47440801011016,-0.399820789326233,-69.14770297813854,35.173879708818106,0.11814295759804874,0.4696636416151889,16.92416778032839,1.696426190820565,52,0.6666666666666666
B_path_wrong_20260903_154129_642037,B - PATH WRONG,5.451310899996315,1,0.503889262676239,0.44979944825172424,3.52828451804223,-0.3686207732717981,-69.59516600737989,34.726416679576744,0.11886458873571414,0.47327742939009115,16.476704751087027,1.8911488958726352,52,0.6666666666666666
B_path_wrong_20260903_154129_642037,B - PATH WRONG,5.483310499999789,1,0.5117253065109253,0.4504651427268982,3.5831280902165057,-0.34401169385908675,-69.76668308125835,34.554899605698296,0.11875446033330789,0.4761585362121948,14.42395225516998,1.894585393797454,53,0.6794871794871795
B_path_wrong_20260903_154129_642037,B - PATH WRONG,5.515560899992124,1,0.5176225304603577,0.45244932174682617,3.6429925494621,-0.3242939432389993,-69.5172402187789,34.804342468177765,0.11853935434265424,0.4928075880175954,14.67339511764942,1.9253556924147925,53,0.6794871794871795
B_path_wrong_20260903_154129_642037,B - PATH WRONG,5.547168399993097,1,0.5248020887374878,0.4530025124549866,3.704598637059809,-0.3042138917233671,-69.09674516674167,35.224837520214976,0.11988319340960396,0.5155931812170116,14.69190538642988,1.968414091831571,54,0.6923076923076923
B_path_wrong_20260903_154129_642037,B - PATH WRONG,5.578873299993575,1,0.5298715233802795,0.45414671301841736,3.7663226665489207,-0.2933009478009782,-69.16683406256571,35.15474862439095,0.11914630493897954,0.5396844649322281,14.621816490605823,1.9625792548387497,54,0.6923076923076923
B_path_wrong_20260903_154129_642037,B - PATH WRONG,5.61161139998876,1,0.5375426411628723,0.4575098156929016,3.8332484668543536,-0.27796749437505575,-68.85376410461784,35.46781858233879,0.11839128843120299,0.5698525400904523,14.934886448553698,1.9914467228305603,54,0.6923076923076923
B_path_wrong_20260903_154129_642037,B - PATH WRONG,5.660937599997851,1,0.5433376431465149,0.4576667547225952,3.8961152880771297,-0.26364579272205013,-67.88058148096073,36.44100120599592,0.11971809068743934,0.5915056376723893,14.76788550386459,1.8773044468637843,55,0.7051282051282052
B_path_wrong_20260903_154129_642037,B - PATH WRONG,5.691392599997926,1,0.5493531227111816,0.45868462324142456,3.9592172818753215,-0.2512457734242132,-67.97490080618299,36.346681880773644,0.12103875397314116,0.6206305367673558,14.673566178642318,1.9085723863494533,55,0.7051282051282052
B_path_wrong_20260903_154129_642037,B - PATH WRONG,5.7238437999913,1,0.5592119693756104,0.4613719880580902,4.027647522869861,-0.23460156478712257,-68.11046083952058,36.21112184743606,0.1204370803273372,0.655670386645043,14.538006145304735,1.9322064158070489,55,0.7051282051282052
B_path_wrong_20260903_154129_642037,B - PATH WRONG,5.7549268000002485,1,0.564144492149353,0.46681708097457886,4.095805489970383,-0.20940425759945855,-67.0668651767572,37.25471751019944,0.11996164679889403,0.6858928578295774,13.867443107442398,2.0046106640713326,56,0.717948717948718
B_path_wrong_20260903_154129_642037,B - PATH WRONG,5.787648300000001,1,0.5696638226509094,0.47031155228614807,4.1596842407679215,-0.18394570023224915,-66.65753235967321,37.664050327283434,0.11746200732049883,0.7111174155320391,14.276775924526362,2.0054623638686384,56,0.717948717948718
B_path_wrong_20260903_154129_642037,B - PATH WRONG,5.819546699989587,1,0.5727484226226807,0.47780197858810425,4.218172869326591,-0.14390318348869335,-66.224471095618,38.09711159133866,0.11668900053607417,0.7285135549810087,14.709837188581588,2.1883548988572947,56,0.717948717948718
B_path_wrong_20260903_154129_642037,B - PATH WRONG,5.8521216999943135,1,0.5804731845855713,0.48471638560295105,4.280060713583457,-0.09213433864305698,-65.8801381486755,38.44144453828113,0.11725750234262929,0.7376516533973333,15.762594033150378,2.2623404833658105,57,0.7307692307692307
B_path_wrong_20260903_154129_642037,B - PATH WRONG,5.883507299993653,1,0.5873467326164246,0.49238860607147217,4.336011754191259,-0.030452211122398768,-64.96971028668577,39.35187240027088,0.11792365857496087,0.7408515427307582,16.673021895140096,2.358572377802896,57,0.7307692307692307
B_path_wrong_20260903_154129_642037,B - PATH WRONG,5.9153204999893205,1,0.5934513807296753,0.4998403787612915,4.3942937770044885,0.035220560304642795,-65.07017161122454,39.25141107573211,0.11727284644501283,0.7458680316748942,15.814487527424632,2.442644421437207,58,0.7435897435897436
B_path_wrong_20260903_154129_642037,B - PATH WRONG,5.947997499999474,1,0.5979290008544922,0.5053389072418213,4.450504171238809,0.10487876011724094,-64.37462469613948,39.94695799081717,0.11754728316509841,0.7430616131762154,14.624760148132793,2.5702367288737697,59,0.7564102564102564
B_path_wrong_20260903_154129_642037,B - PATH WRONG,5.984095499996329,1,0.6043753623962402,0.5138160586357117,4.51340003342982,0.17649924037325385,-63.654451480655325,40.66713120630132,0.11750705590986157,0.7432346866521964,15.344933363616946,2.653925582032758,59,0.7564102564102564
B_path_wrong_20260903_154129_642037,B - PATH WRONG,6.026925999991363,1,0.6078185439109802,0.5238145589828491,4.567781202269065,0.2542529953185276,-63.06278600994752,41.258796677009116,0.11881490013477912,0.7450852807342732,15.936598834324741,2.6009419675602152,59,0.7564102564102564
B_path_wrong_20260903_154129_642037,B - PATH WRONG,6.059095999997226,1,0.6128081679344177,0.5333837866783142,4.618415849136942,0.335779290572016,-63.634532889651794,40.68704979730484,0.11722714318730003,0.745749981456372,15.936635412134763,2.6673244986805713,60,0.7692307692307693
B_path_wrong_20260903_154129_642037,B - PATH WRONG,6.0911736999987625,1,0.6178413033485413,0.5428435206413269,4.6669196001438,0.4212987782250179,-62.02223754636563,42.299345140591015,0.11739456308670725,0.7283906613243945,16.677439693133948,2.728561514084444,61,0.782051282051282
B_path_wrong_20260903_154129_642037,B - PATH WRONG,6.123415599999134,1,0.6213046312332153,0.5534369349479675,4.713406248471289,0.5169503633585962,-62.991172138713445,41.33041054824321,0.11670280594073543,0.6974679384948167,15.065291827991558,2.840445846097196,62,0.7948717948717948
B_path_wrong_20260903_154129_642037,B - PATH WRONG,6.155271499999799,1,0.6269704103469849,0.5639158487319946,4.7583405681457265,0.6165828132970086,-61.64718086385725,42.6744018230994,0.11547967917349738,0.6617625302077903,17.184353775111845,2.998525429347386,63,0.8076923076923077
B_path_wrong_20260903_154129_642037,B - PATH WRONG,6.187076999995043,1,0.6312921047210693,0.5723716616630554,4.805021968762233,0.7131473516442246,-62.45439993513993,41.8671827518167,0.1179572741363005,0.61455845790192,13.4611843077206,3.2300147869986837,65,0.8333333333333334
B_path_wrong_20260903_154129_642037,B - PATH WRONG,6.219170599986683,1,0.6357386112213135,0.5840771198272705,4.850623282429548,0.8139601687731601,-61.88791197683304,42.43367071012361,0.11536234033129245,0.5598558537132649,14.539156344032278,3.322850151472881,66,0.8461538461538461
B_path_wrong_20260903_154129_642037,B - PATH WRONG,6.251429699987057,1,0.6389349699020386,0.590807318687439,4.892571834965795,0.9093448140681102,-62.19628328297302,42.12529940398363,0.11567310693004744,0.5048422607819325,14.230785037892275,3.355929222404561,66,0.8461538461538461
B_path_wrong_20260903_154129_642037,B - PATH WRONG,6.283316699991701,1,0.642292857170105,0.5958585143089294,4.934310699857934,0.993707759977997,-62.06032594340188,42.26125674355478,0.11460264896184215,0.45237827861857377,14.037861303874337,3.2868737570134776,67,0.8589743589743589
B_path_wrong_20260903_154129_642037,B - PATH WRONG,6.315695799989044,1,0.6477971076965332,0.6046504974365234,4.97572833608103,1.0747159406512712,-62.040111417178906,42.28147126977774,0.1149421946791156,0.39434186070410066,14.091998206176243,3.162373480767079,68,0.8717948717948718
B_path_wrong_20260903_154129_642037,B - PATH WRONG,6.347276699991198,1,0.651299238204956,0.6097228527069092,5.015516122046073,1.1489955067864772,-61.28828175711388,43.03330092984277,0.11492987983081478,0.3434924959154381,14.160416177591287,3.0213693058578057,69,0.8846153846153846
B_path_wrong_20260903_154129_642037,B - PATH WRONG,6.379549799996312,1,0.6549805998802185,0.6146998405456543,5.053782279810197,1.2098942986394743,-61.449303608296376,42.872279078660256,0.11291218256249494,0.30111075895614514,13.999394326408776,2.777914420020528,69,0.8846153846153846
B_path_wrong_20260903_154129_642037,B - PATH WRONG,6.4272301999881165,1,0.656798779964447,0.6191701889038086,5.089307681380378,1.2662989710245547,-61.405462629422004,42.91612005753464,0.11399682274040354,0.25670113520275334,13.349019896643881,2.4114929638959195,70,0.8974358974358975
B_path_wrong_20260903_154129_642037,B - PATH WRONG,6.459467499997118,1,0.6587657928466797,0.6250964403152466,5.122067078894436,1.324443849346979,-61.224609229582136,43.0969734573745,0.1127111271120021,0.21306989102584417,13.529873296483743,2.23468900387064,70,0.8974358974358975
B_path_wrong_20260903_154129_642037,B - PATH WRONG,6.491363900000579,1,0.6638698577880859,0.6298142075538635,5.154030635344307,1.3744864160665675,-60.53029879726614,43.791283889690504,0.11190114642721119,0.17060905050062358,12.890319498287084,2.0453205222092476,71,0.9102564102564102
B_path_wrong_20260903_154129_642037,B - PATH WRONG,6.523414699986461,1,0.6660448312759399,0.6343141794204712,5.183354901187209,1.4233906953659314,-60.52037246038923,43.801210226567406,0.11088473933143221,0.12994077064055146,12.900245835163986,1.8675108645224092,71,0.9102564102564102
B_path_wrong_20260903_154129_642037,B - PATH WRONG,6.556852299996535,1,0.6701014637947083,0.6363019347190857,5.213425460646454,1.4663503477349928,-60.03450268227755,44.2870800046791,0.11140811453668925,0.1103156720483386,13.386115613275678,1.7354440959196566,71,0.9102564102564102
B_path_wrong_20260903_154129_642037,B - PATH WRONG,6.587195299987798,1,0.6737785935401917,0.637890636920929,5.2471928760946565,1.5035793280621736,-59.50398786982989,44.817594817126746,0.11106747072182954,0.06845016163203815,13.891090650127268,1.7869203379276495,72,0.9230769230769231
B_path_wrong_20260903_154129_642037,B - PATH WRONG,6.620061399997212,1,0.6763494610786438,0.6408778429031372,5.282161165212994,1.534963487562127,-60.133989553293425,44.18759313366323,0.10972631377623025,0.04939192335820882,13.261088966663749,1.658994411177978,72,0.9230769230769231
B_path_wrong_20260903_154129_642037,B - PATH WRONG,6.651761799992528,1,0.6787399649620056,0.6412441730499268,5.311733049760556,1.557694031201047,-60.39926072650806,43.922321960448585,0.1099679357132177,0.0577547391610732,14.444141865921438,1.5220174720646698,73,0.9358974358974359
B_path_wrong_20260903_154129_642037,B - PATH WRONG,6.685264899992035,1,0.6817863583564758,0.6420894265174866,5.343037909637045,1.5731565095001259,-59.1811679048671,45.14041478208955,0.10953804367385304,0.025378712478748018,15.662234687562403,1.3746583842925653,73,0.9358974358974359
B_path_wrong_20260903_154129_642037,B - PATH WRONG,6.715230599991628,1,0.6846615672111511,0.643526554107666,5.371993295916089,1.5875239654949211,-59.43621223139783,44.885370455558814,0.1092575942502978,0.018002719987567396,15.407190361031667,1.2765279502364624,73,0.9358974358974359
B_path_wrong_20260903_154129_642037,B - PATH WRONG,6.747789099987131,1,0.6871261596679688,0.6461570262908936,5.398537333555161,1.603963168603189,-59.34563998561089,44.97594270134576,0.10983223039828886,0.04374390414987304,15.497762606818611,1.1372079148093674,73,0.9358974358974359
B_path_wrong_20260903_154129_642037,B - PATH WRONG,6.795500499996706,1,0.6923182010650635,0.6452792882919312,5.430294047190465,1.6127162349636053,-58.586173812395764,45.735408874560875,0.10892454989370072,0.03169023780875014,15.356628156010686,0.9893656376324834,74,0.9487179487179487
B_path_wrong_20260903_154129_642037,B - PATH WRONG,6.827650599996559,1,0.6958730220794678,0.6460850238800049,5.464366215003283,1.622343138131466,-57.751430802786125,46.570151884170514,0.10895914071676999,0.016205789055391835,16.191371165620325,0.9742840617978077,74,0.9487179487179487
B_path_wrong_20260903_154129_642037,B - PATH WRONG,6.860444899997674,1,0.6996328234672546,0.6458335518836975,5.499857123015276,1.6297890053176411,-58.28557815658636,46.03600453037029,0.10814184157394004,0.04504123618865338,15.657223811820074,0.9869539547406635,74,0.9487179487179487
B_path_wrong_20260903_154129_642037,B - PATH WRONG,6.891139399987878,1,0.7028149366378784,0.6439231038093567,5.5359583654984466,1.6305776157734104,-58.50701559562769,45.81456709132897,0.10600197376733843,0.031835568701704224,14.397721883966653,1.0065691755830577,75,0.9615384615384616
B_path_wrong_20260903_154129_642037,B - PATH WRONG,6.923234299989417,1,0.703783392906189,0.6422973871231079,5.56908427188508,1.622902028601773,-58.43364290618237,45.887939780774275,0.10575773428255786,0.008644124662420356,14.47109457341196,1.0266700699068672,75,0.9615384615384616
B_path_wrong_20260903_154129_642037,B - PATH WRONG,6.955135399999563,1,0.7061501145362854,0.6397846341133118,5.596591521393021,1.61197491979896,-58.60994305012243,45.71163963683421,0.106421475732345,0.032659901401499936,14.29479442947192,1.0741985166824817,75,0.9615384615384616
B_path_wrong_20260903_154129_642037,B - PATH WRONG,6.987093599993386,1,0.7071070671081543,0.6386640667915344,5.618932441919343,1.5972170109496175,-58.485914665727485,45.83566802122917,0.10602766964038679,0.04634265857474763,14.280612476372738,1.0214796404663875,76,0.9743589743589743
B_path_wrong_20260903_154129_642037,B - PATH WRONG,7.021350699986215,1,0.70847088098526,0.6366205811500549,5.6365085100330665,1.5788953604269382,-59.096209622971614,45.225373063985046,0.10615441640218107,0.04750041855556606,13.670317519128616,0.9486773005130889,76,0.9743589743589743
B_path_wrong_20260903_154129_642037,B - PATH WRONG,7.0520657999877585,1,0.7083542943000793,0.6377982497215271,5.647524519759046,1.5667149856766052,-59.28149135321891,45.040091333737735,0.10481348004528226,0.05528639751627036,13.485035788881305,0.8202494201105509,76,0.9743589743589743
B_path_wrong_20260903_154129_642037,B - PATH WRONG,7.083736799992039,1,0.7098240852355957,0.6359235048294067,5.659537523704698,1.5540393735169513,-58.63838067241073,45.68320201454591,0.10635446124377589,0.06680343099754499,14.128146469689511,0.7189492532512537,76,0.9743589743589743
B_path_wrong_20260903_154129_642037,B - PATH WRONG,7.115425199997844,1,0.7114742398262024,0.6348713636398315,5.670125505119271,1.544268450853561,-58.9196650560093,45.40191763094734,0.10431275543348562,0.07740293324904375,13.846862086090937,0.6239898486465097,76,0.9743589743589743
B_path_wrong_20260903_154129_642037,B - PATH WRONG,7.163687399995979,1,0.7115644812583923,0.6360830664634705,5.678989875435492,1.5391356671536158,-59.23775052597586,45.08383216098079,0.10478619536296807,0.08416002358757377,13.528776616124361,0.4988745260508133,76,0.9743589743589743
B_path_wrong_20260903_154129_642037,B - PATH WRONG,7.195292599993991,1,0.7119736075401306,0.6365734934806824,5.685955677636566,1.5390420248478804,-59.073757995588025,45.247824691368635,0.10476322274798842,0.08618572504610453,13.692769146512205,0.3946411261693513,76,0.9743589743589743
B_path_wrong_20260903_154129_642037,B - PATH WRONG,7.227177299995674,1,0.7125226259231567,0.6356921195983887,5.69424515531631,1.5348536060210929,-59.253675418591,45.067907268365644,0.10473643356971893,0.0930032253656222,13.512851723509243,0.3460453645954328,76,0.9743589743589743
B_path_wrong_20260903_154129_642037,B - PATH WRONG,7.259573199989973,1,0.712239146232605,0.6365155577659607,5.6990479387894615,1.5360310098475107,-59.19963032648709,45.12195236046955,0.10466202638167921,0.09348468528100566,13.51798635113056,0.26597652432710545,77,0.9871794871794872
B_path_wrong_20260903_154129_642037,B - PATH WRONG,7.291471199991065,1,0.7124018669128418,0.6367101669311523,5.70089269221245,1.539687801153762,-59.37563543363199,44.94594725332465,0.10380953952121275,0.08940498952337866,13.341981243985657,0.20100410031749466,77,0.9871794871794872
B_path_wrong_20260903_154129_642037,B - PATH WRONG,7.324176099995384,1,0.7123586535453796,0.6367143988609314,5.702472046746144,1.5409433192580027,-59.33290583656645,44.98867685039019,0.10446991008682038,0.08766239292393477,13.384710841051202,0.17089621267709898,77,0.9871794871794872
B_path_wrong_20260903_154129_642037,B - PATH WRONG,7.355073399987305,1,0.7135980725288391,0.6383118629455566,5.705702587759453,1.5444003798235397,-59.21048054682069,45.111102140135955,0.10490740576600913,0.08329877563188504,13.507136130796937,0.1574427304160575,77,0.9871794871794872
B_path_wrong_20260903_154129_642037,B - PATH WRONG,7.3881648999959,1,0.7143126726150513,0.6387525200843811,5.7092624177921705,1.5504865370235228,-59.318471517539535,45.00311116941711,0.1047776209611932,0.07638004183518764,13.399145160078092,0.14177707100352815,77,0.9871794871794872
B_path_wrong_20260903_154129_642037,B - PATH WRONG,7.4196058999950765,1,0.713865339756012,0.6395373940467834,5.7124963963078415,1.5564960023604542,-59.29447007709361,45.027112609863025,0.10344969664662104,0.06965982888126838,13.423146600524035,0.15466353860744017,77,0.9871794871794872
B_path_wrong_20260903_154129_642037,B - PATH WRONG,7.451493999993545,1,0.7139849662780762,0.6390398144721985,5.71564467433358,1.5611289258030743,-59.35205979282901,44.969522894127635,0.10404110807935502,0.06430615313420125,13.365556884788646,0.16411611342740912,77,0.9871794871794872
B_path_wrong_20260903_154129_642037,B - PATH WRONG,7.483566899987636,1,0.7139990925788879,0.6383180618286133,5.718906982610101,1.5643180982534697,-59.103701280693,45.21788140626364,0.10388394651301952,0.06036785131100882,13.613915396924654,0.18022153109494227,77,0.9871794871794872
B_path_wrong_20260903_154129_642037,B - PATH WRONG,7.5312943999888375,1,0.7140682339668274,0.637235164642334,5.719841983252684,1.5621768898853625,-59.18969885910569,45.13188382785097,0.10398879398392565,0.06222935311799971,13.527917818511952,0.15938311964296875,77,0.9871794871794872
